v4k_8tile	1	base	a00c11f454328023c58af14d55544cff
v4k_8tile	1	head	a00c11f454328023c58af14d55544cff
v4k_8tile	1	headoff	a00c11f454328023c58af14d55544cff
v4k_8tile	2	base	a00c11f454328023c58af14d55544cff
v4k_8tile	2	head	a00c11f454328023c58af14d55544cff
v4k_8tile	2	headoff	a00c11f454328023c58af14d55544cff
v4k_8tile	4	base	a00c11f454328023c58af14d55544cff
v4k_8tile	4	head	a00c11f454328023c58af14d55544cff
v4k_8tile	4	headoff	a00c11f454328023c58af14d55544cff
v4k_8tile	8	base	a00c11f454328023c58af14d55544cff
v4k_8tile	8	head	a00c11f454328023c58af14d55544cff
v4k_8tile	8	headoff	a00c11f454328023c58af14d55544cff
v4k_8tile_10b	1	base	4f218411bc6ee4cc9c630fe827337fa2
v4k_8tile_10b	1	head	4f218411bc6ee4cc9c630fe827337fa2
v4k_8tile_10b	1	headoff	4f218411bc6ee4cc9c630fe827337fa2
v4k_8tile_10b	2	base	4f218411bc6ee4cc9c630fe827337fa2
v4k_8tile_10b	2	head	4f218411bc6ee4cc9c630fe827337fa2
v4k_8tile_10b	2	headoff	4f218411bc6ee4cc9c630fe827337fa2
v4k_8tile_10b	4	base	4f218411bc6ee4cc9c630fe827337fa2
v4k_8tile_10b	4	head	4f218411bc6ee4cc9c630fe827337fa2
v4k_8tile_10b	4	headoff	4f218411bc6ee4cc9c630fe827337fa2
v4k_8tile_10b	8	base	4f218411bc6ee4cc9c630fe827337fa2
v4k_8tile_10b	8	head	4f218411bc6ee4cc9c630fe827337fa2
v4k_8tile_10b	8	headoff	4f218411bc6ee4cc9c630fe827337fa2
